recording_id,species,source,quality_grade,duration_s,sample_rate,license,recordist,date,country,path,sha256
XC148756,ForestOwlet,XC,A,17.321,48000,,,,,/Users/srivatsavkannan/Datasets/Bird Classification/Bird Sound/Dataset_Curated/ForestOwlet-Atheneblewitti/Xeno Canto/A/XC148756 - Forest Owlet - Athene blewitti.mp3,3651cfdd491877feaad403d4d39e5ba63fe0da362ed45c51b5cf5f1012289476
XC148757,ForestOwlet,XC,A,39.206,48000,,,,,/Users/srivatsavkannan/Datasets/Bird Classification/Bird Sound/Dataset_Curated/ForestOwlet-Atheneblewitti/Xeno Canto/A/XC148757 - Forest Owlet - Athene blewitti.mp3,178c0f97ee96a4c29c7750384980d2a8002976c1be347e3f59ad8d62f297a07d
XC148758,ForestOwlet,XC,A,13.719,48000,,,,,/Users/srivatsavkannan/Datasets/Bird Classification/Bird Sound/Dataset_Curated/ForestOwlet-Atheneblewitti/Xeno Canto/A/XC148758 - Forest Owlet - Athene blewitti.mp3,cc1b12a9899847c0fb860149764e54c33c138d7c7363acfec800ca3193e5336b
XC166129,ForestOwlet,XC,A,10.725,44100,,,,,/Users/srivatsavkannan/Datasets/Bird Classification/Bird Sound/Dataset_Curated/ForestOwlet-Atheneblewitti/Xeno Canto/A/XC166129 - Forest Owlet - Athene blewitti.mp3,1151fbd435c6dbf465ed7477a8c4a2f6c2f1e9071970c51f4e5e39b52b7031ec
XC206366,ForestOwlet,XC,A,6.408,48000,,,,,/Users/srivatsavkannan/Datasets/Bird Classification/Bird Sound/Dataset_Curated/ForestOwlet-Atheneblewitti/Xeno Canto/A/XC206366 - Forest Owlet - Athene blewitti.mp3,86364a7a356289963c54da2b362f54061f6c1be6d6b7638b3bc248892fa96332
XC206367,ForestOwlet,XC,A,9.048,48000,,,,,/Users/srivatsavkannan/Datasets/Bird Classification/Bird Sound/Dataset_Curated/ForestOwlet-Atheneblewitti/Xeno Canto/A/XC206367 - Forest Owlet - Athene blewitti.mp3,02876faa0870e11da2cc1a7cc841bde4891e8a2587ec24e1e54bdf2c32b73104
XC206368,ForestOwlet,XC,A,14.544,48000,,,,,/Users/srivatsavkannan/Datasets/Bird Classification/Bird Sound/Dataset_Curated/ForestOwlet-Atheneblewitti/Xeno Canto/A/XC206368 - Forest Owlet - Athene blewitti.mp3,c1dcba391b2d69dfd11fdeb7e496b1fb8ef1a36e127f9e95166bed645af1cc6a
XC409702,ForestOwlet,XC,A,10.238,48000,,,,,/Users/srivatsavkannan/Datasets/Bird Classification/Bird Sound/Dataset_Curated/ForestOwlet-Atheneblewitti/Xeno Canto/A/XC409702 - Forest Owlet - Athene blewitti.mp3,11cc2c8a9e09ea28d89a55bbc9cc330fa6a72a701f6c4811ab4ae5ac53742f6e
XC414032,ForestOwlet,XC,A,22.518,44100,,,,,/Users/srivatsavkannan/Datasets/Bird Classification/Bird Sound/Dataset_Curated/ForestOwlet-Atheneblewitti/Xeno Canto/A/XC414032 - Forest Owlet - Athene blewitti.mp3,69475135694d7d0733c79b0eaf066f17c212f4905475c6b7cbc84925b862b626
XC672075,ForestOwlet,XC,A,32.313,44100,,,,,/Users/srivatsavkannan/Datasets/Bird Classification/Bird Sound/Dataset_Curated/ForestOwlet-Atheneblewitti/Xeno Canto/A/XC672075 - Forest Owlet - Athene blewitti.mp3,217bdb7d6ba225f56d1cdefe0af802f2d72e65c3caf7c08604c3874394b60a13
XC725559,ForestOwlet,XC,A,11.572,44100,,,,,/Users/srivatsavkannan/Datasets/Bird Classification/Bird Sound/Dataset_Curated/ForestOwlet-Atheneblewitti/Xeno Canto/A/XC725559 - Forest Owlet - Athene blewitti.mp3,bb27a773193e7e96e4e12972c3d386eaeafc5d40ad029adf6eb55f894adcac13
XC725560,ForestOwlet,XC,A,37.851,44100,,,,,/Users/srivatsavkannan/Datasets/Bird Classification/Bird Sound/Dataset_Curated/ForestOwlet-Atheneblewitti/Xeno Canto/A/XC725560 - Forest Owlet - Athene blewitti.mp3,24c695166c2f83188d7dcd35bf616457d1ae9db0d8cf930da4abe0c3e08d245f
XC758834,ForestOwlet,XC,A,7.128,48000,,,,,/Users/srivatsavkannan/Datasets/Bird Classification/Bird Sound/Dataset_Curated/ForestOwlet-Atheneblewitti/Xeno Canto/A/XC758834 - Forest Owlet - Athene blewitti.mp3,721a6012213b4468b1dedc49d97d460c9ede9e042863db14474eabc2b9a9e3ea
XC758835,ForestOwlet,XC,A,3.576,48000,,,,,/Users/srivatsavkannan/Datasets/Bird Classification/Bird Sound/Dataset_Curated/ForestOwlet-Atheneblewitti/Xeno Canto/A/XC758835 - Forest Owlet - Athene blewitti.mp3,58c66b91c65404210613599d1a98e1ceb4c6788f626172547789378167cb5818
XC758836,ForestOwlet,XC,A,6.36,48000,,,,,/Users/srivatsavkannan/Datasets/Bird Classification/Bird Sound/Dataset_Curated/ForestOwlet-Atheneblewitti/Xeno Canto/A/XC758836 - Forest Owlet - Athene blewitti.mp3,f3061b291974a6ce9b7c87fecb42003e9f1ee528be70020b393aad383f151636
XC758846,ForestOwlet,XC,A,32.328,48000,,,,,/Users/srivatsavkannan/Datasets/Bird Classification/Bird Sound/Dataset_Curated/ForestOwlet-Atheneblewitti/Xeno Canto/A/XC758846 - Forest Owlet - Athene blewitti.mp3,ac6247b021b635e94d5abdae18baf9f6c36432ebfaaa36a77d45bdda33c1a04b
XC779855,ForestOwlet,XC,A,9.619,44100,,,,,/Users/srivatsavkannan/Datasets/Bird Classification/Bird Sound/Dataset_Curated/ForestOwlet-Atheneblewitti/Xeno Canto/A/XC779855 - Forest Owlet - Athene blewitti.mp3,2941341b4a2b2b6ac8e2436894dba218585b7f17e8ccdcc2a8c82a9795f0f0c5
XC974267,ForestOwlet,XC,A,59.395,44100,,,,,/Users/srivatsavkannan/Datasets/Bird Classification/Bird Sound/Dataset_Curated/ForestOwlet-Atheneblewitti/Xeno Canto/A/XC974267 - Forest Owlet - Athene blewitti.wav,83b589f4cfaa8bfdc75a4b6fab030469291b0e98ed60eb5d51824ebc51a5a097
XC974269,ForestOwlet,XC,A,96.319,44100,,,,,/Users/srivatsavkannan/Datasets/Bird Classification/Bird Sound/Dataset_Curated/ForestOwlet-Atheneblewitti/Xeno Canto/A/XC974269 - Forest Owlet - Athene blewitti.wav,f5cbd1827fc4d4e1a357ae832701b7293d5c6f38fe6a8d878110d4f9c9ca4139
XC148759,ForestOwlet,XC,B,65.105,48000,,,,,/Users/srivatsavkannan/Datasets/Bird Classification/Bird Sound/Dataset_Curated/ForestOwlet-Atheneblewitti/Xeno Canto/B/XC148759 - Forest Owlet - Athene blewitti.mp3,c5517d15e60cba15db3ddce1a9b46f0b51b86b8f6e007907ac8db7f3f233bae4
XC314008,ForestOwlet,XC,B,50.129,44100,,,,,/Users/srivatsavkannan/Datasets/Bird Classification/Bird Sound/Dataset_Curated/ForestOwlet-Atheneblewitti/Xeno Canto/B/XC314008 - Forest Owlet - Athene blewitti.mp3,c645ec204d971b9f2e25824339741a13398cb85cf948d27c692246f0376b9971
XC343773,ForestOwlet,XC,B,36.597,48000,,,,,/Users/srivatsavkannan/Datasets/Bird Classification/Bird Sound/Dataset_Curated/ForestOwlet-Atheneblewitti/Xeno Canto/B/XC343773 - Forest Owlet - Athene blewitti.mp3,2b13ec64283aeea8f24bf7f01f8caddf6ef1494978669f2793e3286ab8384533
XC758847,ForestOwlet,XC,B,19.8,48000,,,,,/Users/srivatsavkannan/Datasets/Bird Classification/Bird Sound/Dataset_Curated/ForestOwlet-Atheneblewitti/Xeno Canto/B/XC758847 - Forest Owlet - Athene blewitti.mp3,ac46c4d44ede05ed4b000baec5a78a134afe1b7a8c00d85ac0f90cde21117978
XC778605,ForestOwlet,XC,B,5.206,44100,,,,,/Users/srivatsavkannan/Datasets/Bird Classification/Bird Sound/Dataset_Curated/ForestOwlet-Atheneblewitti/Xeno Canto/B/XC778605 - Forest Owlet - Athene blewitti.wav,28ff5b484d6872ac48971cb5146cf12811052dba0c482811c203e13bc4d3fb26
XC213143,ForestOwlet,XC,C,60.386,44100,,,,,/Users/srivatsavkannan/Datasets/Bird Classification/Bird Sound/Dataset_Curated/ForestOwlet-Atheneblewitti/Xeno Canto/C/XC213143 - Forest Owlet - Athene blewitti.mp3,3c84db8b084e89b604321a7803cfdb6f911d228e2110b2f4a9c57c6b8c69eab0
XC454346,ForestOwlet,XC,C,16.848,48000,,,,,/Users/srivatsavkannan/Datasets/Bird Classification/Bird Sound/Dataset_Curated/ForestOwlet-Atheneblewitti/Xeno Canto/C/XC454346 - Forest Owlet - Athene blewitti.mp3,9199dba980db8c61b7067ed8349b0e1514446f2856a5fa20f32a206f0fb6d436
XC635072,ForestOwlet,XC,C,8.15,44100,,,,,/Users/srivatsavkannan/Datasets/Bird Classification/Bird Sound/Dataset_Curated/ForestOwlet-Atheneblewitti/Xeno Canto/C/XC635072 - Forest Owlet - Athene blewitti.mp3,470fd001d3d418aff0af9fff1725567b53f26a95f5e5c91118d014a51050c91c
XC722042,ForestOwlet,XC,C,37.851,44100,,,,,/Users/srivatsavkannan/Datasets/Bird Classification/Bird Sound/Dataset_Curated/ForestOwlet-Atheneblewitti/Xeno Canto/C/XC722042 - Forest Owlet - Athene blewitti.mp3,cf8ad9a07cf2c9f6f96eb72acff1427c58b9755a3e79952ea58cd0dc87ab0236
XC374895,ForestOwlet,XC,D,32.342,44100,,,,,/Users/srivatsavkannan/Datasets/Bird Classification/Bird Sound/Dataset_Curated/ForestOwlet-Atheneblewitti/Xeno Canto/D/XC374895 - Forest Owlet - Athene blewitti.mp3,691c09b76fe8984b9051b1a37bfe330f2a626fbb725a21d1ed72f34a7bc777fc
ML139758521,ForestOwlet,ML,,7.941,44100,,,,,/Users/srivatsavkannan/Datasets/Bird Classification/Bird Sound/Dataset_Curated/ForestOwlet-Atheneblewitti/macauley/139758521.wav,a04de29440aacef6dd1881b9542d88d7336818b32930366089c5664c5180daf9
ML141721661,ForestOwlet,ML,,36.12,48000,,,,,/Users/srivatsavkannan/Datasets/Bird Classification/Bird Sound/Dataset_Curated/ForestOwlet-Atheneblewitti/macauley/141721661.mp3,9a11f3896748a4cb8a9ca740d4cf4bbd27d61b7605fec36309b435fbb0287790
ML141721691,ForestOwlet,ML,,81.072,48000,,,,,/Users/srivatsavkannan/Datasets/Bird Classification/Bird Sound/Dataset_Curated/ForestOwlet-Atheneblewitti/macauley/141721691.mp3,690ac625d68cc848bac9638ac731baa3d87fa9bac26f75cee0237eb830e5ad86
ML203909371,ForestOwlet,ML,,60.082,44100,,,,,/Users/srivatsavkannan/Datasets/Bird Classification/Bird Sound/Dataset_Curated/ForestOwlet-Atheneblewitti/macauley/203909371.mp3,290648f0b75ec17b968332548f7554d522b25792b4d4a7f263c0464a38e7def2
ML22718711,ForestOwlet,ML,,36.65,44100,,,,,/Users/srivatsavkannan/Datasets/Bird Classification/Bird Sound/Dataset_Curated/ForestOwlet-Atheneblewitti/macauley/22718711.mp3,fb1fdc62097677792c82a0570c96180e5ba7892f474cad8024b6330a8ce54fa1
ML28124631,ForestOwlet,ML,,4.519,44100,,,,,/Users/srivatsavkannan/Datasets/Bird Classification/Bird Sound/Dataset_Curated/ForestOwlet-Atheneblewitti/macauley/28124631.mp3,0511f1584c05a04d778cc4befc5993843b82e2949bc06204955f4af9f1bcff6d
ML318845721,ForestOwlet,ML,,16.486,48000,,,,,/Users/srivatsavkannan/Datasets/Bird Classification/Bird Sound/Dataset_Curated/ForestOwlet-Atheneblewitti/macauley/318845721.wav,65115c414b5db8e6eff7476f1d44fc0ee70e22c1d2c1bcb0f3376befd28c48b9
ML34297961,ForestOwlet,ML,,11.886,44100,,,,,/Users/srivatsavkannan/Datasets/Bird Classification/Bird Sound/Dataset_Curated/ForestOwlet-Atheneblewitti/macauley/34297961.mp3,2e9cbebcf969b7ede6db983d049c7c0f9f73f02f384c54cb9a615b69d2dc869b
ML382260081,ForestOwlet,ML,,21.96,48000,,,,,/Users/srivatsavkannan/Datasets/Bird Classification/Bird Sound/Dataset_Curated/ForestOwlet-Atheneblewitti/macauley/382260081.mp3,0ce82e88dadda997e2d5ecc717d2c00048ba7d1a01f032b780414ee54d62e11f
ML382263081,ForestOwlet,ML,,21.96,48000,,,,,/Users/srivatsavkannan/Datasets/Bird Classification/Bird Sound/Dataset_Curated/ForestOwlet-Atheneblewitti/macauley/382263081.mp3,5d62ed80aba501c28913516bb19f39ab7b935f793fa0245c334a4cc9d204acab
ML392199771,ForestOwlet,ML,,62.616,48000,,,,,/Users/srivatsavkannan/Datasets/Bird Classification/Bird Sound/Dataset_Curated/ForestOwlet-Atheneblewitti/macauley/392199771.mp3,27740563e8a4d3aa6a127a28c85927384a95af8b53b240b96a886300799cd1a8
ML418760961,ForestOwlet,ML,,42.379,48000,,,,,/Users/srivatsavkannan/Datasets/Bird Classification/Bird Sound/Dataset_Curated/ForestOwlet-Atheneblewitti/macauley/418760961.wav,7b94a7617922693acee0a0b372bbaaa4408ed6aa49a4051b5c3325201337ff41
ML418890721,ForestOwlet,ML,,8.491,48000,,,,,/Users/srivatsavkannan/Datasets/Bird Classification/Bird Sound/Dataset_Curated/ForestOwlet-Atheneblewitti/macauley/418890721.m4a,df930370a256e6cf9e22be802ab58ad31c4d20b9e5127bbe3ab1af22253554a8
ML421056201,ForestOwlet,ML,,9.3,48000,,,,,/Users/srivatsavkannan/Datasets/Bird Classification/Bird Sound/Dataset_Curated/ForestOwlet-Atheneblewitti/macauley/421056201.wav,9b02446f98840570da58727e8660059d35e99c3005856e6f7b7929232627dca0
ML421056211,ForestOwlet,ML,,18.849,48000,,,,,/Users/srivatsavkannan/Datasets/Bird Classification/Bird Sound/Dataset_Curated/ForestOwlet-Atheneblewitti/macauley/421056211.wav,0a708fdebd2a59d4073fe7d2fbc4f0c9ecd5b0336c63f6f679c090933ee97560
ML421056241,ForestOwlet,ML,,5.179,48000,,,,,/Users/srivatsavkannan/Datasets/Bird Classification/Bird Sound/Dataset_Curated/ForestOwlet-Atheneblewitti/macauley/421056241.wav,6cbe652c952d53cd171977ed7998c5bce9c0e84aedf66a15687a298bd599d22c
ML437327781,ForestOwlet,ML,,37.293,48000,,,,,/Users/srivatsavkannan/Datasets/Bird Classification/Bird Sound/Dataset_Curated/ForestOwlet-Atheneblewitti/macauley/437327781.wav,b3363d96b1c446b70cd9d6f5b721e9a05b89934423b7b1c6afd997e3b224961c
ML444347781,ForestOwlet,ML,,37.802,44100,,,,,/Users/srivatsavkannan/Datasets/Bird Classification/Bird Sound/Dataset_Curated/ForestOwlet-Atheneblewitti/macauley/444347781.wav,cb2c6fe339acb33a98718110403e302227123266aaafd75b8083dc2e7723d528
ML486215441,ForestOwlet,ML,,3.997,44100,,,,,/Users/srivatsavkannan/Datasets/Bird Classification/Bird Sound/Dataset_Curated/ForestOwlet-Atheneblewitti/macauley/486215441.mp3,fabcfa3a3b080243bf88d4d498f925867a10c3eb2c8ea3ec3ee2383d2c38b8ca
ML491949651,ForestOwlet,ML,,32.298,48000,,,,,/Users/srivatsavkannan/Datasets/Bird Classification/Bird Sound/Dataset_Curated/ForestOwlet-Atheneblewitti/macauley/491949651.m4a,3391f33332db1510a5ed925d562a1fbf713564d489c01ae518706703fd0afb6d
ML496177181,ForestOwlet,ML,,19.754,48000,,,,,/Users/srivatsavkannan/Datasets/Bird Classification/Bird Sound/Dataset_Curated/ForestOwlet-Atheneblewitti/macauley/496177181.m4a,06f5cbc3bc635c4d163e99ee24cf121031049198cdf7e5717c90d91460e50f4d
ML499619221,ForestOwlet,ML,,7.083,48000,,,,,/Users/srivatsavkannan/Datasets/Bird Classification/Bird Sound/Dataset_Curated/ForestOwlet-Atheneblewitti/macauley/499619221.m4a,ef1a2643d91732caed1e66b71fa7d7d4f9cd7c93f89b185f7dc2887f583effd5
ML499619231,ForestOwlet,ML,,3.541,48000,,,,,/Users/srivatsavkannan/Datasets/Bird Classification/Bird Sound/Dataset_Curated/ForestOwlet-Atheneblewitti/macauley/499619231.m4a,69e1d84979153427388f1889ee177172887d475faf2092269ea5c27c38071be1
ML499619241,ForestOwlet,ML,,6.315,48000,,,,,/Users/srivatsavkannan/Datasets/Bird Classification/Bird Sound/Dataset_Curated/ForestOwlet-Atheneblewitti/macauley/499619241.m4a,e971e93e7936743a1e359e3212f9184688d46b2fa4442bbb67627d96257c512d
ML506141231,ForestOwlet,ML,,12.662,96000,,,,,/Users/srivatsavkannan/Datasets/Bird Classification/Bird Sound/Dataset_Curated/ForestOwlet-Atheneblewitti/macauley/506141231.wav,8558a676fab03166fdf466e560a89c8462a50cb4b467a45bb9c4eb3b74f32213
ML506141241,ForestOwlet,ML,,24.027,96000,,,,,/Users/srivatsavkannan/Datasets/Bird Classification/Bird Sound/Dataset_Curated/ForestOwlet-Atheneblewitti/macauley/506141241.wav,5533ba53e27bb03694c4ab400acb1c851e2b964e791159f1f8f64f15431b0788
ML525407041,ForestOwlet,ML,,12.631,44100,,,,,/Users/srivatsavkannan/Datasets/Bird Classification/Bird Sound/Dataset_Curated/ForestOwlet-Atheneblewitti/macauley/525407041.m4a,aac91472b733517931e22c66e9f497beec23213869cc173e5e0d62654d389bbe
ML527671821,ForestOwlet,ML,,14.701,44100,,,,,/Users/srivatsavkannan/Datasets/Bird Classification/Bird Sound/Dataset_Curated/ForestOwlet-Atheneblewitti/macauley/527671821.wav,560a22610f666f07659227d5cc383c00edb82e3bbddaa154198ddd04b7a47fb7
ML529760131,ForestOwlet,ML,,44.536,44100,,,,,/Users/srivatsavkannan/Datasets/Bird Classification/Bird Sound/Dataset_Curated/ForestOwlet-Atheneblewitti/macauley/529760131.m4a,a307a1aedff4ff423659ccd7aaccecd4aea625d28f33bae17b9c331a872d636c
ML544521921,ForestOwlet,ML,,3.213,44100,,,,,/Users/srivatsavkannan/Datasets/Bird Classification/Bird Sound/Dataset_Curated/ForestOwlet-Atheneblewitti/macauley/544521921.mp3,60acf1ac69c033b5fab2ea09d2d3ec5f9e07d0412cff7de1fd1bbcde1c7847c9
ML544521931,ForestOwlet,ML,,156.003,44100,,,,,/Users/srivatsavkannan/Datasets/Bird Classification/Bird Sound/Dataset_Curated/ForestOwlet-Atheneblewitti/macauley/544521931.mp3,d5fceb5381374bf44d7b9834b487a8c2f456bc6534471c7941895a7b9bbdd97c
ML544521941,ForestOwlet,ML,,119.98,44100,,,,,/Users/srivatsavkannan/Datasets/Bird Classification/Bird Sound/Dataset_Curated/ForestOwlet-Atheneblewitti/macauley/544521941.mp3,dde3cfe78f84459ef88cbdbd7a44d62a7c4f70477d9067d2b2415b20cdb61e4c
ML556898951,ForestOwlet,ML,,12.0,48000,,,,,/Users/srivatsavkannan/Datasets/Bird Classification/Bird Sound/Dataset_Curated/ForestOwlet-Atheneblewitti/macauley/556898951.wav,94a615bdf70af0faefc96b59730426cfddec04302d0ac24259c68388bfa7e572
ML564976721,ForestOwlet,ML,,26.548,44100,,,,,/Users/srivatsavkannan/Datasets/Bird Classification/Bird Sound/Dataset_Curated/ForestOwlet-Atheneblewitti/macauley/564976721.wav,246026234d628bd6ff356004d083ef19a60aec926143d116303f1fd8e84705e0
ML587540771,ForestOwlet,ML,,44.095,48000,,,,,/Users/srivatsavkannan/Datasets/Bird Classification/Bird Sound/Dataset_Curated/ForestOwlet-Atheneblewitti/macauley/587540771.m4a,e2d5b1df1c4b2db180df611078c9ec5866adc6167dbd8e40a26096108432e55e
ML609059730,ForestOwlet,ML,,653.236,44100,,,,,/Users/srivatsavkannan/Datasets/Bird Classification/Bird Sound/Dataset_Curated/ForestOwlet-Atheneblewitti/macauley/609059730.wav,6ed75d46e1ba264bae112b3488af5248773851a9a1f41754678eca6b7a9d016b
ML609603557,ForestOwlet,ML,,43.911,48000,,,,,/Users/srivatsavkannan/Datasets/Bird Classification/Bird Sound/Dataset_Curated/ForestOwlet-Atheneblewitti/macauley/609603557.wav,9b26c8f015d0301101f82884a1d5727e32d250322291551561d37195f229b557
ML609604454,ForestOwlet,ML,,12.336,48000,,,,,/Users/srivatsavkannan/Datasets/Bird Classification/Bird Sound/Dataset_Curated/ForestOwlet-Atheneblewitti/macauley/609604454.wav,214ef0aa55ea9aeca28820230017feec03bf0c1c7664d4ba79849b22a95cbd47
ML613931527,ForestOwlet,ML,,71.061,48000,,,,,/Users/srivatsavkannan/Datasets/Bird Classification/Bird Sound/Dataset_Curated/ForestOwlet-Atheneblewitti/macauley/613931527.m4a,e316a6fca280376b715ed38f2d4640dab8e2f5505bbf8d52fe7110654417374f
ML614545354,ForestOwlet,ML,,54.936,44100,,,,,/Users/srivatsavkannan/Datasets/Bird Classification/Bird Sound/Dataset_Curated/ForestOwlet-Atheneblewitti/macauley/614545354.m4a,a16f007ac53114b5705dec1bf090001fb53734272881b9283421f10833e88de2
ML616332700,ForestOwlet,ML,,7.979,48000,,,,,/Users/srivatsavkannan/Datasets/Bird Classification/Bird Sound/Dataset_Curated/ForestOwlet-Atheneblewitti/macauley/616332700.m4a,0ab1880c487cf41a396626e4b539f490fb62417bd9aad807a9b8c0cee2cc41fa
ML621329694,ForestOwlet,ML,,31.06,44100,,,,,/Users/srivatsavkannan/Datasets/Bird Classification/Bird Sound/Dataset_Curated/ForestOwlet-Atheneblewitti/macauley/621329694.mp3,e18b1d5946793dd6762c1336fd4b044e4c3afe14b961d5262a2aa8021ad4c466
ML624533493,ForestOwlet,ML,,5.555,48000,,,,,/Users/srivatsavkannan/Datasets/Bird Classification/Bird Sound/Dataset_Curated/ForestOwlet-Atheneblewitti/macauley/624533493.mp3,491ea20cab0d2e0fe803117720edbe8fb1afd0c37239b00230a870cfca887279
ML628301727,ForestOwlet,ML,,40.779,48000,,,,,/Users/srivatsavkannan/Datasets/Bird Classification/Bird Sound/Dataset_Curated/ForestOwlet-Atheneblewitti/macauley/628301727.wav,5e0af60960449dab438db9824559792e49bd9d79f325a136568ccc42c7b42424
ML628340386,ForestOwlet,ML,,9.319,44100,,,,,/Users/srivatsavkannan/Datasets/Bird Classification/Bird Sound/Dataset_Curated/ForestOwlet-Atheneblewitti/macauley/628340386.wav,ab497a457c814751a4e8ba029f646918c626621a0c11670df520cb1bcd2c8e1b
ML85341811,ForestOwlet,ML,,29.652,44100,,,,,/Users/srivatsavkannan/Datasets/Bird Classification/Bird Sound/Dataset_Curated/ForestOwlet-Atheneblewitti/macauley/85341811.m4a,3a207d784e7350b580762d67e0cc735afe879869e9e35f11cf825e960aec428f
XC826431,BanasuraLaughingthrush,XC,A,49.8,48000,,,,,/Users/srivatsavkannan/Datasets/Bird Classification/Bird Sound/Dataset_Curated/BanasuraLaughingthrush-Montecinclajerdoni/Xeno Canto/A/XC826431 - Banasura Laughingthrush - Montecincla jerdoni.mp3,36239af7fd6a9c4441ab547061c197ee1016418109774a8707431f753a1bc2b6
XC826432,BanasuraLaughingthrush,XC,A,8.328,48000,,,,,/Users/srivatsavkannan/Datasets/Bird Classification/Bird Sound/Dataset_Curated/BanasuraLaughingthrush-Montecinclajerdoni/Xeno Canto/A/XC826432 - Banasura Laughingthrush - Montecincla jerdoni.mp3,d85f770c289130077a3f513bed128bad5057aebd2f526666af95098c6b14859a
XC545768,BanasuraLaughingthrush,XC,B,2.299,44100,,,,,/Users/srivatsavkannan/Datasets/Bird Classification/Bird Sound/Dataset_Curated/BanasuraLaughingthrush-Montecinclajerdoni/Xeno Canto/B/XC545768 - Banasura Laughingthrush - Montecincla jerdoni.mp3,e6aaccbcd254070120edc489fb9dfcde3355ece5f1a9253eca299008efd92b2f
ML135364551,BanasuraLaughingthrush,ML,,27.742,44100,,,,,/Users/srivatsavkannan/Datasets/Bird Classification/Bird Sound/Dataset_Curated/BanasuraLaughingthrush-Montecinclajerdoni/macauley/135364551.mp3,af99cabaed1f60af023a7ffedebe1417e2681ed69d4dabaedf8026aa6abf8003
ML135364561,BanasuraLaughingthrush,ML,,52.062,44100,,,,,/Users/srivatsavkannan/Datasets/Bird Classification/Bird Sound/Dataset_Curated/BanasuraLaughingthrush-Montecinclajerdoni/macauley/135364561.mp3,8529de6867ead021eedb0a9ec6431ff6988c185628e488b7f5c51bc130d26b88
ML223541561,BanasuraLaughingthrush,ML,,2.249,44100,,,,,/Users/srivatsavkannan/Datasets/Bird Classification/Bird Sound/Dataset_Curated/BanasuraLaughingthrush-Montecinclajerdoni/macauley/223541561.wav,ff05f63b18f4206a38e9a85ee370ec9252c92b8e41611f4b4902fd9256e4d15f
ML224082991,BanasuraLaughingthrush,ML,,22.061,44100,,,,,/Users/srivatsavkannan/Datasets/Bird Classification/Bird Sound/Dataset_Curated/BanasuraLaughingthrush-Montecinclajerdoni/macauley/224082991.wav,bbde790a552d4b250671ffc6785efbe621d5cdc1e5402644a26c69918ac060d0
ML224083701,BanasuraLaughingthrush,ML,,63.413,44100,,,,,/Users/srivatsavkannan/Datasets/Bird Classification/Bird Sound/Dataset_Curated/BanasuraLaughingthrush-Montecinclajerdoni/macauley/224083701.wav,6cac993d2ee8647345fd5889d4782c85c41984e4061792773dc64d03fc894a9b
ML224086061,BanasuraLaughingthrush,ML,,22.558,44100,,,,,/Users/srivatsavkannan/Datasets/Bird Classification/Bird Sound/Dataset_Curated/BanasuraLaughingthrush-Montecinclajerdoni/macauley/224086061.wav,e754f5d37f6cb041fc0afa5a3b99ea37e756e53ad8401a7608c28e10e3737e8a
ML224086601,BanasuraLaughingthrush,ML,,44.161,44100,,,,,/Users/srivatsavkannan/Datasets/Bird Classification/Bird Sound/Dataset_Curated/BanasuraLaughingthrush-Montecinclajerdoni/macauley/224086601.wav,a6af61793b4b9f4c73021068bda745e815577971a38e1df59f782de744c961a6
ML224086811,BanasuraLaughingthrush,ML,,33.529,44100,,,,,/Users/srivatsavkannan/Datasets/Bird Classification/Bird Sound/Dataset_Curated/BanasuraLaughingthrush-Montecinclajerdoni/macauley/224086811.wav,6cf78f3cecb65ae0ad73a2b86413cf9fa48497c2b42341bf6385a0bbed10275e
ML224087701,BanasuraLaughingthrush,ML,,44.422,44100,,,,,/Users/srivatsavkannan/Datasets/Bird Classification/Bird Sound/Dataset_Curated/BanasuraLaughingthrush-Montecinclajerdoni/macauley/224087701.wav,fd11b05bb5f8cf9c0deb31b667c73a488e0f6ea4772a6c51efc4db1a43ee6a90
ML224088871,BanasuraLaughingthrush,ML,,11.693,44100,,,,,/Users/srivatsavkannan/Datasets/Bird Classification/Bird Sound/Dataset_Curated/BanasuraLaughingthrush-Montecinclajerdoni/macauley/224088871.wav,715745fd1fc6d3e0c6c12b52200fc89fa0b853d000d49fe75ca052440db1256d
ML224090711,BanasuraLaughingthrush,ML,,69.369,44100,,,,,/Users/srivatsavkannan/Datasets/Bird Classification/Bird Sound/Dataset_Curated/BanasuraLaughingthrush-Montecinclajerdoni/macauley/224090711.wav,f8c2c0fc9ccf60204cd5e01edecfb7db2e45c0a75689302f6bfa92df126f1a10
ML224102231,BanasuraLaughingthrush,ML,,100.439,44100,,,,,/Users/srivatsavkannan/Datasets/Bird Classification/Bird Sound/Dataset_Curated/BanasuraLaughingthrush-Montecinclajerdoni/macauley/224102231.wav,184ad74e24edb3e9cf90becd266d9c3e5ccc74577be3204a4779d5b65cc8c364
ML224105961,BanasuraLaughingthrush,ML,,91.497,44100,,,,,/Users/srivatsavkannan/Datasets/Bird Classification/Bird Sound/Dataset_Curated/BanasuraLaughingthrush-Montecinclajerdoni/macauley/224105961.wav,ada0f3121de8365ae04e4b9eda20923f53b45afa227019e921f58da5387667a2
ML224109121,BanasuraLaughingthrush,ML,,44.03,44100,,,,,/Users/srivatsavkannan/Datasets/Bird Classification/Bird Sound/Dataset_Curated/BanasuraLaughingthrush-Montecinclajerdoni/macauley/224109121.wav,d1673d1e43efdb15112ad55e8d09703ef7d96e03ada8505684c648341d90ecba
ML224110751,BanasuraLaughingthrush,ML,,60.409,44100,,,,,/Users/srivatsavkannan/Datasets/Bird Classification/Bird Sound/Dataset_Curated/BanasuraLaughingthrush-Montecinclajerdoni/macauley/224110751.wav,580ce197fb3828e4fd999a23b3c99bca9cfdc4766389d7113224684581c99fd3
ML224112621,BanasuraLaughingthrush,ML,,53.387,44100,,,,,/Users/srivatsavkannan/Datasets/Bird Classification/Bird Sound/Dataset_Curated/BanasuraLaughingthrush-Montecinclajerdoni/macauley/224112621.wav,67b416e92131f929c341fd6113ad12f631364cf653468c98f138b9e17afca0e7
ML224113161,BanasuraLaughingthrush,ML,,19.136,44100,,,,,/Users/srivatsavkannan/Datasets/Bird Classification/Bird Sound/Dataset_Curated/BanasuraLaughingthrush-Montecinclajerdoni/macauley/224113161.wav,4fe010840d1d2468794779ee7739f3690094574088172104362834ccbd6c8e60
ML224432461,BanasuraLaughingthrush,ML,,53.618,48000,,,,,/Users/srivatsavkannan/Datasets/Bird Classification/Bird Sound/Dataset_Curated/BanasuraLaughingthrush-Montecinclajerdoni/macauley/224432461.wav,902cc7216ea3b90de09159c7c1fbcc6567e59637a3fdc9d5fba3da9f197a2804
ML224436631,BanasuraLaughingthrush,ML,,25.4,48000,,,,,/Users/srivatsavkannan/Datasets/Bird Classification/Bird Sound/Dataset_Curated/BanasuraLaughingthrush-Montecinclajerdoni/macauley/224436631.wav,a3691b4e2a25fcccfbdb42fcac45d6964e78f49ca3533ba2bbde5de48b400d43
ML224439111,BanasuraLaughingthrush,ML,,29.336,48000,,,,,/Users/srivatsavkannan/Datasets/Bird Classification/Bird Sound/Dataset_Curated/BanasuraLaughingthrush-Montecinclajerdoni/macauley/224439111.wav,679f1d06df671e249a00841c6c52603e8357e612289711c70057ec1d640d6d92
ML224440931,BanasuraLaughingthrush,ML,,54.411,48000,,,,,/Users/srivatsavkannan/Datasets/Bird Classification/Bird Sound/Dataset_Curated/BanasuraLaughingthrush-Montecinclajerdoni/macauley/224440931.wav,8d979ffea1d382e83ea55ae11b56b1e425ef7b2cc28ac72b0d1a6a9bc3608049
ML224442701,BanasuraLaughingthrush,ML,,47.312,48000,,,,,/Users/srivatsavkannan/Datasets/Bird Classification/Bird Sound/Dataset_Curated/BanasuraLaughingthrush-Montecinclajerdoni/macauley/224442701.wav,0a0998258c70cb18de26ae6e732f8bafa561e0eb45a4f6b99c52db4215c655f0
ML224445051,BanasuraLaughingthrush,ML,,33.68,48000,,,,,/Users/srivatsavkannan/Datasets/Bird Classification/Bird Sound/Dataset_Curated/BanasuraLaughingthrush-Montecinclajerdoni/macauley/224445051.wav,07a62d201c19b83b0f23dc464ee1189490f560f5b5a25d7a4c7718ed63d44608
ML224448041,BanasuraLaughingthrush,ML,,10.073,48000,,,,,/Users/srivatsavkannan/Datasets/Bird Classification/Bird Sound/Dataset_Curated/BanasuraLaughingthrush-Montecinclajerdoni/macauley/224448041.wav,55eb26efc853359798420f4915a7d7f2a9b00eda00b2d75e90d276e0abbb79e0
ML317454381,BanasuraLaughingthrush,ML,,5.747,44100,,,,,/Users/srivatsavkannan/Datasets/Bird Classification/Bird Sound/Dataset_Curated/BanasuraLaughingthrush-Montecinclajerdoni/macauley/317454381.mp3,29a634d3cd310c5ee072103488c0bd5827c75a4541e426979ca3b36ca4e5d039
ML434997941,BanasuraLaughingthrush,ML,,14.315,44100,,,,,/Users/srivatsavkannan/Datasets/Bird Classification/Bird Sound/Dataset_Curated/BanasuraLaughingthrush-Montecinclajerdoni/macauley/434997941.mp3,882ca894ec971ed62fb0f4f8bd5e53f79fe50d666f5fe7661ca5ee97869dd41c
ML442425971,BanasuraLaughingthrush,ML,,23.614,48000,,,,,/Users/srivatsavkannan/Datasets/Bird Classification/Bird Sound/Dataset_Curated/BanasuraLaughingthrush-Montecinclajerdoni/macauley/442425971.wav,d92ca94652608df73c75e19e4895d61629508262eb8534079dda7e10083feae6
ML442426021,BanasuraLaughingthrush,ML,,48.15,48000,,,,,/Users/srivatsavkannan/Datasets/Bird Classification/Bird Sound/Dataset_Curated/BanasuraLaughingthrush-Montecinclajerdoni/macauley/442426021.wav,d695498854c0346acf649efde3ec417b2c6a903b0cea985302c0357d01030420
ML606531611,BanasuraLaughingthrush,ML,,43.629,44100,,,,,/Users/srivatsavkannan/Datasets/Bird Classification/Bird Sound/Dataset_Curated/BanasuraLaughingthrush-Montecinclajerdoni/macauley/606531611.m4a,370a531ded84b57f228d22d7b36366ac2a7bb01512c57e5f154fb5b38f1c4c30
ML606531621,BanasuraLaughingthrush,ML,,15.789,44100,,,,,/Users/srivatsavkannan/Datasets/Bird Classification/Bird Sound/Dataset_Curated/BanasuraLaughingthrush-Montecinclajerdoni/macauley/606531621.m4a,3036cbe5c6013f77e537c843d1179d626dd1f773cd42cb72097f3cbb7c019984
ML606531631,BanasuraLaughingthrush,ML,,18.761,44100,,,,,/Users/srivatsavkannan/Datasets/Bird Classification/Bird Sound/Dataset_Curated/BanasuraLaughingthrush-Montecinclajerdoni/macauley/606531631.m4a,926054785e026efff345184c6ed75e832a53a39f46f98b895b9f7d6939bd7ad1
ML607311421,BanasuraLaughingthrush,ML,,5.679,44100,,,,,/Users/srivatsavkannan/Datasets/Bird Classification/Bird Sound/Dataset_Curated/BanasuraLaughingthrush-Montecinclajerdoni/macauley/607311421.wav,9fc4aed7dd7e11b581ce90a1817a697abd360409b7adf6c84fbd43b19f9c5775
ML608349451,BanasuraLaughingthrush,ML,,8.284,48000,,,,,/Users/srivatsavkannan/Datasets/Bird Classification/Bird Sound/Dataset_Curated/BanasuraLaughingthrush-Montecinclajerdoni/macauley/608349451.wav,5ab1d8a76bccabbf44946797c17884c0ffed5826d9eb952c8b354a30b434d2ff
ML608349453,BanasuraLaughingthrush,ML,,49.757,48000,,,,,/Users/srivatsavkannan/Datasets/Bird Classification/Bird Sound/Dataset_Curated/BanasuraLaughingthrush-Montecinclajerdoni/macauley/608349453.wav,4edae29a4eaf0bc2f66b6dc7f811243cc339d0015d444c4a90a85caf8d9ba33a
ML612285403,BanasuraLaughingthrush,ML,,4.848,44100,,,,,/Users/srivatsavkannan/Datasets/Bird Classification/Bird Sound/Dataset_Curated/BanasuraLaughingthrush-Montecinclajerdoni/macauley/612285403.wav,939670b9703a878eed27b6f1294bd3ea44febb5da3fdb988a880875754fd6f73
ML614780956,BanasuraLaughingthrush,ML,,14.671,48000,,,,,/Users/srivatsavkannan/Datasets/Bird Classification/Bird Sound/Dataset_Curated/BanasuraLaughingthrush-Montecinclajerdoni/macauley/614780956.wav,c8877840fe205da217a30b6922dd58d6ac23b71bcc1ea9c890ee2c24b03aea00
ML614780957,BanasuraLaughingthrush,ML,,35.543,48000,,,,,/Users/srivatsavkannan/Datasets/Bird Classification/Bird Sound/Dataset_Curated/BanasuraLaughingthrush-Montecinclajerdoni/macauley/614780957.wav,5c6e5671cae664ac1babf0f8a9794a54207eb418a24524ea45c37006b8cd1a70
ML617411030,BanasuraLaughingthrush,ML,,3.983,96000,,,,,/Users/srivatsavkannan/Datasets/Bird Classification/Bird Sound/Dataset_Curated/BanasuraLaughingthrush-Montecinclajerdoni/macauley/617411030.wav,951836cac625216b677c8c6de29e8de40b0593ffcf6459114e300d1f3f0d34c6
ML617411031,BanasuraLaughingthrush,ML,,4.698,96000,,,,,/Users/srivatsavkannan/Datasets/Bird Classification/Bird Sound/Dataset_Curated/BanasuraLaughingthrush-Montecinclajerdoni/macauley/617411031.wav,c3e5949bb1ac248ad7c73639eadf16315cfacffad5e1e8853e3d5214610803e1
ML617411594,BanasuraLaughingthrush,ML,,1.557,96000,,,,,/Users/srivatsavkannan/Datasets/Bird Classification/Bird Sound/Dataset_Curated/BanasuraLaughingthrush-Montecinclajerdoni/macauley/617411594.wav,8369d8f90311ea762e69e4165a62dc92e7e07f37956d85801e9cfc0642ce27b8
ML617411595,BanasuraLaughingthrush,ML,,4.139,96000,,,,,/Users/srivatsavkannan/Datasets/Bird Classification/Bird Sound/Dataset_Curated/BanasuraLaughingthrush-Montecinclajerdoni/macauley/617411595.wav,9cb3ea18cf8332b11f9675f2b0fa90573a69aab81e2c3d8d5d52c148ba4f3ac9
ML626352709,BanasuraLaughingthrush,ML,,12.028,44100,,,,,/Users/srivatsavkannan/Datasets/Bird Classification/Bird Sound/Dataset_Curated/BanasuraLaughingthrush-Montecinclajerdoni/macauley/626352709.wav,ed9159c3881b59543913fae16dc6ffe27863080aab9534bd9a4ec92fb7c0ffca
ML626352724,BanasuraLaughingthrush,ML,,48.62,44100,,,,,/Users/srivatsavkannan/Datasets/Bird Classification/Bird Sound/Dataset_Curated/BanasuraLaughingthrush-Montecinclajerdoni/macauley/626352724.wav,5c6af5c09afa135ca7811f5799123e345e89c94b85876242ea5ef5374fac3812
ML629394826,BanasuraLaughingthrush,ML,,27.327,44100,,,,,/Users/srivatsavkannan/Datasets/Bird Classification/Bird Sound/Dataset_Curated/BanasuraLaughingthrush-Montecinclajerdoni/macauley/629394826.wav,cd483e6f74819fd4516cd9519227cef797158695cacdf8885b51f44f16f1b172
ML629394845,BanasuraLaughingthrush,ML,,8.757,44100,,,,,/Users/srivatsavkannan/Datasets/Bird Classification/Bird Sound/Dataset_Curated/BanasuraLaughingthrush-Montecinclajerdoni/macauley/629394845.wav,92ad740558342a7113c3942825767ab628efb61d0679a1fa7ef9d08215ef9698
ML629395028,BanasuraLaughingthrush,ML,,12.353,44100,,,,,/Users/srivatsavkannan/Datasets/Bird Classification/Bird Sound/Dataset_Curated/BanasuraLaughingthrush-Montecinclajerdoni/macauley/629395028.wav,d1a10a5a61f828ed915d6d9c7febf65a0b084e8650ea15cf593c6582a234f4ac
ML629395204,BanasuraLaughingthrush,ML,,8.086,44100,,,,,/Users/srivatsavkannan/Datasets/Bird Classification/Bird Sound/Dataset_Curated/BanasuraLaughingthrush-Montecinclajerdoni/macauley/629395204.wav,843ce1a6dcb328f8b7b85e04847197ceb8c2aafe81f97582b12528cc02b7cb70
ML629395423,BanasuraLaughingthrush,ML,,5.931,44100,,,,,/Users/srivatsavkannan/Datasets/Bird Classification/Bird Sound/Dataset_Curated/BanasuraLaughingthrush-Montecinclajerdoni/macauley/629395423.wav,c829b57a62c21166442ac90249702fe46be5da811d91c3485c6879d108cc30f3
ML629395428,BanasuraLaughingthrush,ML,,23.507,44100,,,,,/Users/srivatsavkannan/Datasets/Bird Classification/Bird Sound/Dataset_Curated/BanasuraLaughingthrush-Montecinclajerdoni/macauley/629395428.wav,37637b192fcae9da4afef5d80a3a56db6fe0b03a9cdaff5aa71e7a06a3afe344
ML629395494,BanasuraLaughingthrush,ML,,21.252,44100,,,,,/Users/srivatsavkannan/Datasets/Bird Classification/Bird Sound/Dataset_Curated/BanasuraLaughingthrush-Montecinclajerdoni/macauley/629395494.wav,e8577ad827799f447fe5e7cdb698a2e7f9f32c01aaccae09053852ed1c79ef4f
ML629395597,BanasuraLaughingthrush,ML,,12.516,44100,,,,,/Users/srivatsavkannan/Datasets/Bird Classification/Bird Sound/Dataset_Curated/BanasuraLaughingthrush-Montecinclajerdoni/macauley/629395597.wav,e5aac7e2b9651774cd774efbcec5fa01ee29f1bb282b553b87fbe363c71f3256
ML629395629,BanasuraLaughingthrush,ML,,21.15,44100,,,,,/Users/srivatsavkannan/Datasets/Bird Classification/Bird Sound/Dataset_Curated/BanasuraLaughingthrush-Montecinclajerdoni/macauley/629395629.wav,f9a9094f4e2bdab6c99a44c7feca5863fb5489c0f57b6a2d098747f60c565a78
ML629395668,BanasuraLaughingthrush,ML,,27.937,44100,,,,,/Users/srivatsavkannan/Datasets/Bird Classification/Bird Sound/Dataset_Curated/BanasuraLaughingthrush-Montecinclajerdoni/macauley/629395668.wav,1aea30f17837f54f7f36d20ccd0d8618c4a30de8313906252823b264c2de82ab
ML629395743,BanasuraLaughingthrush,ML,,38.888,44100,,,,,/Users/srivatsavkannan/Datasets/Bird Classification/Bird Sound/Dataset_Curated/BanasuraLaughingthrush-Montecinclajerdoni/macauley/629395743.wav,cc49e72f5ee9e327b620b1a4d6a789a11184ad5b7e7839b3e5285f73a6a0b28a
ML629409179,BanasuraLaughingthrush,ML,,9.156,44100,,,,,/Users/srivatsavkannan/Datasets/Bird Classification/Bird Sound/Dataset_Curated/BanasuraLaughingthrush-Montecinclajerdoni/macauley/629409179.wav,6b3f3308fc254adfc22abc7a330804d7e693e969d240be315dfe824b98980527
ML629409316,BanasuraLaughingthrush,ML,,37.516,44100,,,,,/Users/srivatsavkannan/Datasets/Bird Classification/Bird Sound/Dataset_Curated/BanasuraLaughingthrush-Montecinclajerdoni/macauley/629409316.wav,9f44d68e92d1a43447ad69cd902512095890a49f9d668630f8e409e9e2c79de5
ML629454986,BanasuraLaughingthrush,ML,,15.287,44100,,,,,/Users/srivatsavkannan/Datasets/Bird Classification/Bird Sound/Dataset_Curated/BanasuraLaughingthrush-Montecinclajerdoni/macauley/629454986.wav,4247e588fa26b44c7a94fe33f2c64d6ec81a7657ab2867f80ab242072c1e4a64
ML629454988,BanasuraLaughingthrush,ML,,21.681,44100,,,,,/Users/srivatsavkannan/Datasets/Bird Classification/Bird Sound/Dataset_Curated/BanasuraLaughingthrush-Montecinclajerdoni/macauley/629454988.wav,bdf8eece2cb9d106d26a9cb60b2cb1462beff1cc2e15f7a9e346e46fd8166119
ML629454991,BanasuraLaughingthrush,ML,,23.543,44100,,,,,/Users/srivatsavkannan/Datasets/Bird Classification/Bird Sound/Dataset_Curated/BanasuraLaughingthrush-Montecinclajerdoni/macauley/629454991.wav,c95fa8c25360a2a556f728616b8846e1f8995c709641ba6b7fbcbcf5269d3adb
ML629454998,BanasuraLaughingthrush,ML,,10.428,44100,,,,,/Users/srivatsavkannan/Datasets/Bird Classification/Bird Sound/Dataset_Curated/BanasuraLaughingthrush-Montecinclajerdoni/macauley/629454998.wav,92712dea74fdc9e0667813867f8c753fc660bad441179a7c1f5f928559f516fa
ML629455001,BanasuraLaughingthrush,ML,,5.384,44100,,,,,/Users/srivatsavkannan/Datasets/Bird Classification/Bird Sound/Dataset_Curated/BanasuraLaughingthrush-Montecinclajerdoni/macauley/629455001.wav,8c1e436ac1cdb81c97b91ba25835e81e6728e11bd170f5a3375c43ae2ae535e7
ML629493927,BanasuraLaughingthrush,ML,,18.688,48000,,,,,/Users/srivatsavkannan/Datasets/Bird Classification/Bird Sound/Dataset_Curated/BanasuraLaughingthrush-Montecinclajerdoni/macauley/629493927.m4a,4f7a15f45851cf59affa14052028da9ce7cb940cf358efbb15da54148fee2fab
ML629493928,BanasuraLaughingthrush,ML,,21.333,48000,,,,,/Users/srivatsavkannan/Datasets/Bird Classification/Bird Sound/Dataset_Curated/BanasuraLaughingthrush-Montecinclajerdoni/macauley/629493928.m4a,082f23a718a04fd519aa47082df1b53c372ab47b9253b803c8a2176e0210ae74
ML629894238,BanasuraLaughingthrush,ML,,17.066,48000,,,,,/Users/srivatsavkannan/Datasets/Bird Classification/Bird Sound/Dataset_Curated/BanasuraLaughingthrush-Montecinclajerdoni/macauley/629894238.m4a,52cea93c0dc61de23f9d1f1bc355d9f23ba9060fe08dbf9e444ec1f26e39ab5a
ML629895712,BanasuraLaughingthrush,ML,,22.251,48000,,,,,/Users/srivatsavkannan/Datasets/Bird Classification/Bird Sound/Dataset_Curated/BanasuraLaughingthrush-Montecinclajerdoni/macauley/629895712.m4a,88fd4f1820177db899d6220dc93a8108fa488bcb44ac56776661b31512bd1762
ML96577511,BanasuraLaughingthrush,ML,,74.219,48000,,,,,/Users/srivatsavkannan/Datasets/Bird Classification/Bird Sound/Dataset_Curated/BanasuraLaughingthrush-Montecinclajerdoni/macauley/96577511.wav,442c58b8e10b78c3b96fcbb6ed4baf32c9ea9fb7e5cbf75065d9897fb9439be8
ML96579061,BanasuraLaughingthrush,ML,,88.424,44100,,,,,/Users/srivatsavkannan/Datasets/Bird Classification/Bird Sound/Dataset_Curated/BanasuraLaughingthrush-Montecinclajerdoni/macauley/96579061.mp3,dcb68d8a9b64ef0cb5981ac97cb66424f08d088b57d5cf97d347a0dc22e5e5bd
ML96579091,BanasuraLaughingthrush,ML,,100.937,44100,,,,,/Users/srivatsavkannan/Datasets/Bird Classification/Bird Sound/Dataset_Curated/BanasuraLaughingthrush-Montecinclajerdoni/macauley/96579091.mp3,8e093f5c1a05e05b6bbc987c78755a6d726743cd43fde93aa325055dfde9d118
ML96579311,BanasuraLaughingthrush,ML,,22.558,44100,,,,,/Users/srivatsavkannan/Datasets/Bird Classification/Bird Sound/Dataset_Curated/BanasuraLaughingthrush-Montecinclajerdoni/macauley/96579311.wav,768fe1c3ca13444f78bce6dbc1761f3a21d7561bb3f93bf8235e4671c0011d4e
ML96579421,BanasuraLaughingthrush,ML,,39.041,44100,,,,,/Users/srivatsavkannan/Datasets/Bird Classification/Bird Sound/Dataset_Curated/BanasuraLaughingthrush-Montecinclajerdoni/macauley/96579421.wav,a1e22e54017e4b123929aa4bf6ba69ecc916a204fecb9e335af00caede1ace78
ML96579751,BanasuraLaughingthrush,ML,,60.635,48000,,,,,/Users/srivatsavkannan/Datasets/Bird Classification/Bird Sound/Dataset_Curated/BanasuraLaughingthrush-Montecinclajerdoni/macauley/96579751.wav,e4b416eef0d5c740d4b1ee083e5daaff1d34af8d14536eb9ccf7b5111730bb98
ML151150491,BugunLiocichla,ML,,44.277,44100,,,,,/Users/srivatsavkannan/Datasets/Bird Classification/Bird Sound/Dataset_Curated/BugunLiocichla-Liocichlabugunorum/macauley/151150491.wav,540224f6a98dfbd778eb678d8f277e5e466c3fdf1b79089ba01f5f1ab742e47a
ML151225921,BugunLiocichla,ML,,32.799,44100,,,,,/Users/srivatsavkannan/Datasets/Bird Classification/Bird Sound/Dataset_Curated/BugunLiocichla-Liocichlabugunorum/macauley/151225921.wav,1aeee327d3effa19961dc7d96393e34d714d2b9152d6b3efe969b0a3f30eb7e9
ML151225951,BugunLiocichla,ML,,36.024,44100,,,,,/Users/srivatsavkannan/Datasets/Bird Classification/Bird Sound/Dataset_Curated/BugunLiocichla-Liocichlabugunorum/macauley/151225951.wav,7118deea6150fed50f35a7f1c79378d0c6d591ee1717386b3c7073ff0c6a1845
ML151225961,BugunLiocichla,ML,,37.715,44100,,,,,/Users/srivatsavkannan/Datasets/Bird Classification/Bird Sound/Dataset_Curated/BugunLiocichla-Liocichlabugunorum/macauley/151225961.wav,0d7535794b5b6910bb34a9bdfe4f33e85287d172658a1e20de59567e627f249b
ML151226021,BugunLiocichla,ML,,78.909,44100,,,,,/Users/srivatsavkannan/Datasets/Bird Classification/Bird Sound/Dataset_Curated/BugunLiocichla-Liocichlabugunorum/macauley/151226021.wav,30ce210ede0708a09e01450457d990875c16ce2d1635869cf91770174d476a40
ML226103081,BugunLiocichla,ML,,47.505,44100,,,,,/Users/srivatsavkannan/Datasets/Bird Classification/Bird Sound/Dataset_Curated/BugunLiocichla-Liocichlabugunorum/macauley/226103081.wav,cdf7ef75ab99745f7ec860a04429f2b8f268dfaa33df369d97b994c8499b17d5
ML236434,BugunLiocichla,ML,,599.668,44100,,,,,/Users/srivatsavkannan/Datasets/Bird Classification/Bird Sound/Dataset_Curated/BugunLiocichla-Liocichlabugunorum/macauley/236434.wav,2ea912da6908fce4df00ce8de547388a2a9b6cca9cd6f962ad111ce429f09450
ML325904421,BugunLiocichla,ML,,3.507,44100,,,,,/Users/srivatsavkannan/Datasets/Bird Classification/Bird Sound/Dataset_Curated/BugunLiocichla-Liocichlabugunorum/macauley/325904421.wav,5237f2a664867b1df14c55726e9978a5088809215aeab8c0a30f59b3c4a7fe5c
ML488567461,BugunLiocichla,ML,,46.056,48000,,,,,/Users/srivatsavkannan/Datasets/Bird Classification/Bird Sound/Dataset_Curated/BugunLiocichla-Liocichlabugunorum/macauley/488567461.mp3,37fe92853e5b855ab230e332b8c68e722b5ebedb5f7fbdbc91a87a4819300d0e
ML488567471,BugunLiocichla,ML,,18.024,48000,,,,,/Users/srivatsavkannan/Datasets/Bird Classification/Bird Sound/Dataset_Curated/BugunLiocichla-Liocichlabugunorum/macauley/488567471.mp3,e3581e4250c80337eb63269cb3f4584a071d79a1f65e7451a75befe30b948914
ML492363181,BugunLiocichla,ML,,112.875,44100,,,,,/Users/srivatsavkannan/Datasets/Bird Classification/Bird Sound/Dataset_Curated/BugunLiocichla-Liocichlabugunorum/macauley/492363181.mp3,17ce61c8f007c9ce7707e8eb9a5e12ecfc3942d63fec4142d5730b170d40b2bc
ML496530611,BugunLiocichla,ML,,13.981,44100,,,,,/Users/srivatsavkannan/Datasets/Bird Classification/Bird Sound/Dataset_Curated/BugunLiocichla-Liocichlabugunorum/macauley/496530611.wav,f021e501d6accc9afe4752883ca54deb7d03d0616b2056d95f0c33050bcb076d
ML573513881,BugunLiocichla,ML,,21.803,48000,,,,,/Users/srivatsavkannan/Datasets/Bird Classification/Bird Sound/Dataset_Curated/BugunLiocichla-Liocichlabugunorum/macauley/573513881.wav,71a92e4b963c80a8efb88320d194e3be592b4daedf69f4180ba6f2082e1bd0b4
ML573515031,BugunLiocichla,ML,,2.56,48000,,,,,/Users/srivatsavkannan/Datasets/Bird Classification/Bird Sound/Dataset_Curated/BugunLiocichla-Liocichlabugunorum/macauley/573515031.wav,3f6a7c3f4f845a7c65ec591ac255738aa4e5a94410e64de79a248ff8e371933a
ML573515041,BugunLiocichla,ML,,6.229,48000,,,,,/Users/srivatsavkannan/Datasets/Bird Classification/Bird Sound/Dataset_Curated/BugunLiocichla-Liocichlabugunorum/macauley/573515041.wav,121e22e656c87ab7076e969951d3e2e3c725c39d9dc897a53f459ac9867669c2
ML574851421,BugunLiocichla,ML,,29.269,48000,,,,,/Users/srivatsavkannan/Datasets/Bird Classification/Bird Sound/Dataset_Curated/BugunLiocichla-Liocichlabugunorum/macauley/574851421.wav,702a29af6ae6785020fb702a8edc052b0103e42e64257c4fa659f93f20e8b894
ML577575971,BugunLiocichla,ML,,49.136,48000,,,,,/Users/srivatsavkannan/Datasets/Bird Classification/Bird Sound/Dataset_Curated/BugunLiocichla-Liocichlabugunorum/macauley/577575971.wav,bd91f12dcd0f82b8642475193e8d45bc61b8869d5d94820f61cd5e940ed29853
ML583849671,BugunLiocichla,ML,,31.623,44100,,,,,/Users/srivatsavkannan/Datasets/Bird Classification/Bird Sound/Dataset_Curated/BugunLiocichla-Liocichlabugunorum/macauley/583849671.wav,28b97b21aa4e1dc832a5b562945e26830b579f7ded1b9fb2c122324ba362d274
ML583849681,BugunLiocichla,ML,,37.524,44100,,,,,/Users/srivatsavkannan/Datasets/Bird Classification/Bird Sound/Dataset_Curated/BugunLiocichla-Liocichlabugunorum/macauley/583849681.wav,5286544ee6380c4c45969d828ec79a26e5357887859c44f11169ad5f0ecfc9e7
ML608462481,BugunLiocichla,ML,,22.312,44100,,,,,/Users/srivatsavkannan/Datasets/Bird Classification/Bird Sound/Dataset_Curated/BugunLiocichla-Liocichlabugunorum/macauley/608462481.wav,5c7fe7567346dc9e7d2667b26468a731325aa74eb61b1b207a9d707fb2c2f1a0
ML608462482,BugunLiocichla,ML,,93.414,44100,,,,,/Users/srivatsavkannan/Datasets/Bird Classification/Bird Sound/Dataset_Curated/BugunLiocichla-Liocichlabugunorum/macauley/608462482.wav,a5fdb5493d318db9d63240974cb36370f308746a05cddc455584862ada9699f5
ML609070099,BugunLiocichla,ML,,189.658,44100,,,,,/Users/srivatsavkannan/Datasets/Bird Classification/Bird Sound/Dataset_Curated/BugunLiocichla-Liocichlabugunorum/macauley/609070099.wav,079a672ecf73b564ec88994ba9a41b284840cf1f75c7e3b23e397bf21d84ef14
ML614844523,BugunLiocichla,ML,,2.382,44100,,,,,/Users/srivatsavkannan/Datasets/Bird Classification/Bird Sound/Dataset_Curated/BugunLiocichla-Liocichlabugunorum/macauley/614844523.mp3,f99a5546db310d2188d910c78ea382b4fb4052591c8b4ed8c46bf9016a256a23
ML617505678,BugunLiocichla,ML,,47.017,48000,,,,,/Users/srivatsavkannan/Datasets/Bird Classification/Bird Sound/Dataset_Curated/BugunLiocichla-Liocichlabugunorum/macauley/617505678.wav,b44a58445625607f3c938c81e5ecf0b96d23fa086b9214f2f47ed02bffb16ab6
ML617506149,BugunLiocichla,ML,,31.413,48000,,,,,/Users/srivatsavkannan/Datasets/Bird Classification/Bird Sound/Dataset_Curated/BugunLiocichla-Liocichlabugunorum/macauley/617506149.wav,7fd93f557a71bde463cec2a003dbf547c49e2b2814f55823da60347cccedd2bb
ML618603111,BugunLiocichla,ML,,29.791,44100,,,,,/Users/srivatsavkannan/Datasets/Bird Classification/Bird Sound/Dataset_Curated/BugunLiocichla-Liocichlabugunorum/macauley/618603111.wav,ca08e28a479f0f8dd62abb3aa973e3a1f93ab25c2ee8952dd13f24f98dcf1983
ML618717331,BugunLiocichla,ML,,13.25,48000,,,,,/Users/srivatsavkannan/Datasets/Bird Classification/Bird Sound/Dataset_Curated/BugunLiocichla-Liocichlabugunorum/macauley/618717331.wav,5a4f3ccbb0627aed68a339ff336a52001a9110caa9825d7e208042e8034e2f9e
ML618717393,BugunLiocichla,ML,,6.958,48000,,,,,/Users/srivatsavkannan/Datasets/Bird Classification/Bird Sound/Dataset_Curated/BugunLiocichla-Liocichlabugunorum/macauley/618717393.wav,e8496d77d0d5a45298cbfc7deb30e6361ce08bc9027fe5c511866d23377f8dc3
ML621169965,BugunLiocichla,ML,,13.425,44100,,,,,/Users/srivatsavkannan/Datasets/Bird Classification/Bird Sound/Dataset_Curated/BugunLiocichla-Liocichlabugunorum/macauley/621169965.wav,91a939f80322986b1df71704ab26dc8285c3be8a0297bc92e7ca34410e3c3f2f
ML621169966,BugunLiocichla,ML,,22.214,44100,,,,,/Users/srivatsavkannan/Datasets/Bird Classification/Bird Sound/Dataset_Curated/BugunLiocichla-Liocichlabugunorum/macauley/621169966.wav,a22bb3e519c2af4dfb1ca4542f48301fe6f341f00c2896cc8eaa77a58cd88adf
ML623313271,BugunLiocichla,ML,,2.005,44100,,,,,/Users/srivatsavkannan/Datasets/Bird Classification/Bird Sound/Dataset_Curated/BugunLiocichla-Liocichlabugunorum/macauley/623313271.wav,6918d688bafb195aed018b856130363e04cf0684dd0e34969aafdbc0eb43a946
ML624672605,BugunLiocichla,ML,,92.078,48000,,,,,/Users/srivatsavkannan/Datasets/Bird Classification/Bird Sound/Dataset_Curated/BugunLiocichla-Liocichlabugunorum/macauley/624672605.wav,373650557f8cae07e958afd51f390f75f892abaf145619d57154e7865d20cfec
XC294415,JerdonsCourser,XC,A,10.645,44100,,,,,/Users/srivatsavkannan/Datasets/Bird Classification/Bird Sound/Dataset_Curated/Jerdon'sCourser-Rhinoptilusbitorquatus/Xeno Canto/A/XC294415 - Jerdon_s Courser - Rhinoptilus bitorquatus.mp3,8667baed4376d1af8c03b897c21c2bc937798f9f426218fcea81ee97d9f2b5d8
ML274533,JerdonsCourser,ML,,70.694,44100,,,,,/Users/srivatsavkannan/Datasets/Bird Classification/Bird Sound/Dataset_Curated/Jerdon'sCourser-Rhinoptilusbitorquatus/macauley/274533.wav,e1c4944da362c9e7de4147c4311b304e3d484aaf6abeb4dc9287e643db09b0a3
ML274534,JerdonsCourser,ML,,70.006,44100,,,,,/Users/srivatsavkannan/Datasets/Bird Classification/Bird Sound/Dataset_Curated/Jerdon'sCourser-Rhinoptilusbitorquatus/macauley/274534.wav,0be6a921b77ad788202376c68d863a05f8a02613703a0638db47c0cd9f457dd9
ML274535,JerdonsCourser,ML,,27.728,44100,,,,,/Users/srivatsavkannan/Datasets/Bird Classification/Bird Sound/Dataset_Curated/Jerdon'sCourser-Rhinoptilusbitorquatus/macauley/274535.wav,e27b0532944a1ae52778ab04408abc634f18ac9e47e14fcc78559c24149438dd
ML274536,JerdonsCourser,ML,,19.634,44100,,,,,/Users/srivatsavkannan/Datasets/Bird Classification/Bird Sound/Dataset_Curated/Jerdon'sCourser-Rhinoptilusbitorquatus/macauley/274536.wav,25e0b977d3108ac5c5d6c0798c877ca267914d816ba7bc2e3b26297c81eeab42
ML274537,JerdonsCourser,ML,,35.671,44100,,,,,/Users/srivatsavkannan/Datasets/Bird Classification/Bird Sound/Dataset_Curated/Jerdon'sCourser-Rhinoptilusbitorquatus/macauley/274537.wav,c751b851c7602afe6b33dea28d5e892d522238bdcca78dd2112acde59b7927c7
ML274538,JerdonsCourser,ML,,33.169,44100,,,,,/Users/srivatsavkannan/Datasets/Bird Classification/Bird Sound/Dataset_Curated/Jerdon'sCourser-Rhinoptilusbitorquatus/macauley/274538.wav,ddfb3b1b4c488888847d397d33fc454156a5f0f11b3441ff0078446c510de58d
ML274539,JerdonsCourser,ML,,112.06,44100,,,,,/Users/srivatsavkannan/Datasets/Bird Classification/Bird Sound/Dataset_Curated/Jerdon'sCourser-Rhinoptilusbitorquatus/macauley/274539.wav,a9e80bbf69b9facc0ed1b17085e6e568b250083274589963a50aee4ba9ebcecb
ML274540,JerdonsCourser,ML,,95.973,44100,,,,,/Users/srivatsavkannan/Datasets/Bird Classification/Bird Sound/Dataset_Curated/Jerdon'sCourser-Rhinoptilusbitorquatus/macauley/274540.wav,d932141354ee36a1b758cfcab2d0acdcc8b1bc8d1eea936b6a20d191c2cc767d
ML274541,JerdonsCourser,ML,,39.269,44100,,,,,/Users/srivatsavkannan/Datasets/Bird Classification/Bird Sound/Dataset_Curated/Jerdon'sCourser-Rhinoptilusbitorquatus/macauley/274541.wav,e51bf0d5365a5e38b31ad6c6945f02c81575d2aaee734990e2ceb57920a4850b
ML274542,JerdonsCourser,ML,,135.156,44100,,,,,/Users/srivatsavkannan/Datasets/Bird Classification/Bird Sound/Dataset_Curated/Jerdon'sCourser-Rhinoptilusbitorquatus/macauley/274542.wav,a170de55693bfcc6ef25aa90d93d03b10e595e49426684f7f481adea6718d712
ML274543,JerdonsCourser,ML,,17.299,44100,,,,,/Users/srivatsavkannan/Datasets/Bird Classification/Bird Sound/Dataset_Curated/Jerdon'sCourser-Rhinoptilusbitorquatus/macauley/274543.wav,da825528f21bd39fcc6807e3bd7e54ae820f2d74fb8ff63bb3007f473c8e6f4c
